algorithm,size
leiden,125
leiden,121
leiden,99
leiden,67
leiden,61
leiden,56
leiden,30
leiden,29
leiden,22
leiden,14
leiden,12
leiden,11
leiden,5
leiden,4
leiden,559
leiden,444
leiden,250
leiden,220
leiden,114
leiden,80
leiden,75
leiden,68
leiden,64
leiden,60
leiden,52
leiden,41
leiden,25
leiden,19
leiden,18
leiden,15
leiden,15
leiden,13
leiden,13
leiden,13
leiden,13
leiden,10
leiden,8
leiden,7
leiden,5
leiden,4
leiden,4
leiden,4
leiden,14
leiden,9
leiden,9
leiden,7
leiden,5
leiden,132
leiden,96
leiden,55
leiden,43
leiden,41
leiden,37
leiden,14
leiden,10
leiden,9
leiden,4
leiden,23
leiden,23
leiden,18
leiden,15
leiden,14
leiden,9
leiden,6
leiden,5
leiden,5
leiden,11
leiden,10
leiden,9
leiden,8
leiden,71
leiden,38
leiden,37
leiden,35
leiden,18
leiden,11
leiden,11
leiden,20
leiden,19
leiden,17
leiden,14
leiden,13
leiden,13
leiden,12
leiden,11
leiden,9
leiden,45
leiden,45
leiden,35
leiden,34
leiden,33
leiden,20
leiden,18
leiden,12
leiden,45
leiden,31
leiden,27
leiden,25
leiden,18
leiden,16
leiden,12
leiden,7
leiden,4
leiden,23
leiden,17
leiden,13
leiden,8
leiden,7
leiden,96
leiden,96
leiden,86
leiden,80
leiden,66
leiden,64
leiden,60
leiden,47
leiden,38
leiden,23
leiden,13
leiden,11
leiden,10
leiden,7
leiden,59
leiden,54
leiden,50
leiden,35
leiden,31
leiden,22
leiden,21
leiden,19
leiden,17
leiden,15
leiden,15
leiden,10
leiden,9
leiden,8
leiden,101
leiden,62
leiden,42
leiden,39
leiden,38
leiden,34
leiden,24
leiden,23
leiden,18
leiden,15
leiden,13
leiden,11
leiden,11
leiden,10
leiden,8
leiden,8
leiden,7
leiden,4
leiden,4
leiden,265
leiden,77
leiden,67
leiden,53
leiden,31
leiden,31
leiden,39
leiden,31
leiden,29
leiden,27
leiden,22
leiden,19
leiden,19
leiden,12
leiden,4
leiden,135
leiden,119
leiden,110
leiden,110
leiden,78
leiden,66
leiden,60
leiden,39
leiden,38
leiden,19
leiden,4
leiden,4
leiden,64
leiden,60
leiden,55
leiden,38
leiden,35
leiden,34
leiden,32
leiden,20
leiden,15
leiden,4
leiden,21
leiden,17
leiden,14
leiden,14
leiden,12
leiden,11
leiden,7
leiden,19
leiden,14
leiden,8
leiden,8
leiden,6
leiden,4
leiden,72
leiden,68
leiden,41
leiden,37
leiden,29
leiden,20
leiden,15
leiden,7
leiden,7
leiden,4
leiden,20
leiden,12
leiden,11
leiden,6
leiden,6
leiden,88
leiden,84
leiden,51
leiden,47
leiden,47
leiden,41
leiden,32
leiden,26
leiden,23
leiden,14
leiden,13
leiden,5
leiden,4
leiden,254
leiden,206
leiden,173
leiden,150
leiden,124
leiden,119
leiden,113
leiden,100
leiden,65
leiden,59
leiden,51
leiden,21
leiden,7
leiden,5
leiden,72
leiden,53
leiden,40
leiden,31
leiden,14
leiden,12
leiden,11
leiden,10
leiden,8
leiden,5
leiden,23
leiden,19
leiden,16
leiden,11
leiden,11
leiden,9
leiden,26
leiden,22
leiden,10
leiden,7
leiden,4
leiden,4
leiden,13
leiden,11
leiden,6
leiden,5
leiden,43
leiden,40
leiden,32
leiden,26
leiden,19
leiden,18
leiden,7
leiden,92
leiden,51
leiden,44
leiden,36
leiden,22
leiden,16
leiden,11
leiden,7
leiden,7
leiden,5
leiden,5
leiden,18
leiden,16
leiden,15
leiden,13
leiden,92
leiden,81
leiden,64
leiden,62
leiden,59
leiden,34
leiden,27
leiden,18
leiden,16
leiden,14
leiden,11
leiden,10
leiden,6
leiden,5
leiden,17
leiden,14
leiden,6
leiden,6
leiden,23
leiden,21
leiden,19
leiden,17
leiden,17
leiden,14
leiden,10
leiden,4
leiden,94
leiden,88
leiden,53
leiden,34
leiden,31
leiden,29
leiden,20
leiden,10
leiden,10
leiden,5
leiden,146
leiden,137
leiden,96
leiden,62
leiden,42
leiden,34
leiden,34
leiden,29
leiden,27
leiden,24
leiden,22
leiden,16
leiden,12
leiden,12
leiden,8
leiden,6
leiden,5
leiden,4
leiden,4
leiden,4
leiden,178
leiden,156
leiden,156
leiden,138
leiden,84
leiden,81
leiden,77
leiden,67
leiden,62
leiden,57
leiden,45
leiden,40
leiden,38
leiden,24
leiden,22
leiden,21
leiden,20
leiden,18
leiden,14
leiden,12
leiden,11
leiden,7
leiden,37
leiden,23
leiden,18
leiden,16
leiden,13
leiden,13
leiden,4
leiden,16
leiden,15
leiden,12
leiden,6
leiden,6
leiden,117
leiden,66
leiden,64
leiden,59
leiden,55
leiden,50
leiden,33
leiden,33
leiden,28
leiden,26
leiden,25
leiden,9
leiden,9
leiden,9
leiden,7
leiden,5
leiden,4
leiden,4
leiden,30
leiden,30
leiden,18
leiden,15
leiden,14
leiden,12
leiden,8
leiden,7
leiden,134
leiden,117
leiden,113
leiden,89
leiden,62
leiden,51
leiden,38
leiden,33
leiden,29
leiden,22
leiden,18
leiden,14
leiden,13
leiden,12
leiden,12
leiden,8
leiden,7
leiden,162
leiden,96
leiden,46
leiden,33
leiden,30
leiden,21
leiden,46
leiden,23
leiden,20
leiden,15
leiden,21
leiden,15
leiden,10
leiden,5
leiden,5
leiden,11
leiden,11
leiden,9
leiden,8
leiden,8
leiden,6
leiden,5
leiden,4
leiden,17
leiden,13
leiden,9
leiden,49
leiden,46
leiden,28
leiden,24
leiden,18
leiden,12
leiden,12
leiden,10
leiden,6
leiden,6
leiden,46
leiden,45
leiden,32
leiden,28
leiden,18
leiden,11
leiden,10
leiden,5
leiden,26
leiden,13
leiden,8
leiden,4
leiden,18
leiden,6
leiden,5
leiden,50
leiden,25
leiden,25
leiden,24
leiden,10
leiden,6
leiden,4
leiden,10
leiden,9
leiden,4
leiden,4
leiden,9
leiden,9
leiden,9
leiden,8
leiden,5
leiden,4
leiden,16
leiden,13
leiden,7
leiden,50
leiden,38
leiden,35
leiden,35
leiden,35
leiden,32
leiden,25
leiden,24
leiden,19
leiden,10
leiden,10
leiden,6
leiden,5
leiden,32
leiden,24
leiden,18
leiden,13
leiden,11
leiden,11
leiden,6
leiden,5
leiden,5
leiden,5
leiden,5
leiden,22
leiden,13
leiden,5
leiden,37
leiden,32
leiden,24
leiden,20
leiden,15
leiden,14
leiden,13
leiden,13
leiden,12
leiden,10
leiden,5
leiden,4
leiden,4
leiden,28
leiden,26
leiden,16
leiden,15
leiden,12
leiden,25
leiden,19
leiden,13
leiden,10
leiden,9
leiden,5
leiden,4
leiden,4
leiden,4
leiden,4
leiden,127
leiden,98
leiden,65
leiden,58
leiden,48
leiden,46
leiden,41
leiden,31
leiden,17
leiden,9
leiden,4
leiden,34
leiden,29
leiden,27
leiden,23
leiden,22
leiden,17
leiden,10
leiden,10
leiden,8
leiden,49
leiden,45
leiden,21
leiden,20
leiden,13
leiden,10
leiden,7
leiden,6
leiden,27
leiden,20
leiden,16
leiden,10
leiden,9
leiden,8
leiden,4
leiden,43
leiden,38
leiden,18
leiden,16
leiden,7
leiden,41
leiden,29
leiden,21
leiden,20
leiden,6
leiden,21
leiden,13
leiden,12
leiden,10
leiden,4
leiden,4
leiden,84
leiden,53
leiden,44
leiden,41
leiden,31
leiden,22
leiden,18
leiden,7
leiden,5
leiden,4
leiden,29
leiden,25
leiden,18
leiden,12
leiden,10
leiden,10
leiden,9
leiden,7
leiden,7
leiden,6
leiden,5
leiden,5
leiden,4
leiden,28
leiden,27
leiden,24
leiden,15
leiden,51
leiden,50
leiden,44
leiden,38
leiden,35
leiden,26
leiden,21
leiden,21
leiden,17
leiden,11
leiden,11
leiden,10
leiden,7
leiden,5
leiden,20
leiden,16
leiden,15
leiden,10
leiden,7
leiden,5
leiden,4
leiden,10
leiden,7
leiden,6
leiden,5
leiden,72
leiden,48
leiden,45
leiden,36
leiden,28
leiden,27
leiden,15
leiden,9
leiden,4
leiden,4
leiden,77
leiden,57
leiden,49
leiden,42
leiden,33
leiden,18
leiden,4
leiden,4
leiden,4
leiden,31
leiden,13
leiden,13
leiden,9
leiden,63
leiden,56
leiden,43
leiden,9
leiden,61
leiden,53
leiden,51
leiden,38
leiden,35
leiden,18
leiden,17
leiden,14
leiden,14
leiden,62
leiden,49
leiden,42
leiden,37
leiden,33
leiden,21
leiden,18
leiden,24
leiden,22
leiden,16
leiden,14
leiden,7
leiden,25
leiden,22
leiden,18
leiden,17
leiden,16
leiden,14
leiden,67
leiden,46
leiden,46
leiden,45
leiden,42
leiden,36
leiden,22
leiden,19
leiden,17
leiden,14
leiden,13
leiden,9
leiden,6
leiden,5
leiden,5
leiden,4
leiden,15
leiden,14
leiden,12
leiden,11
leiden,6
leiden,5
leiden,19
leiden,16
leiden,16
leiden,9
leiden,7
leiden,6
leiden,6
leiden,5
leiden,25
leiden,17
leiden,14
leiden,8
leiden,8
leiden,30
leiden,21
leiden,13
leiden,12
leiden,12
leiden,9
leiden,4
leiden,56
leiden,53
leiden,32
leiden,31
leiden,22
leiden,14
leiden,10
leiden,8
leiden,4
leiden,25
leiden,15
leiden,9
leiden,9
leiden,8
leiden,6
leiden,5
leiden,4
leiden,23
leiden,21
leiden,20
leiden,20
leiden,17
leiden,10
leiden,126
leiden,107
leiden,100
leiden,66
leiden,49
leiden,49
leiden,35
leiden,26
leiden,20
leiden,15
leiden,7
leiden,4
leiden,4
leiden,4
leiden,244
leiden,196
leiden,138
leiden,123
leiden,111
leiden,93
leiden,77
leiden,57
leiden,33
leiden,32
leiden,25
leiden,19
leiden,18
leiden,17
leiden,16
leiden,10
leiden,10
leiden,9
leiden,6
leiden,93
leiden,83
leiden,64
leiden,61
leiden,48
leiden,35
leiden,29
leiden,26
leiden,22
leiden,11
leiden,24
leiden,15
leiden,14
leiden,13
leiden,6
leiden,5
leiden,4
leiden,4
leiden,33
leiden,20
leiden,20
leiden,13
leiden,11
leiden,6
leiden,15
leiden,13
leiden,9
leiden,4
leiden,4
leiden,529
leiden,388
leiden,352
leiden,344
leiden,334
leiden,181
leiden,154
leiden,69
leiden,65
leiden,53
leiden,52
leiden,30
leiden,25
leiden,15
leiden,15
leiden,10
leiden,8
leiden,4
leiden,4
leiden,4
leiden,716
leiden,430
leiden,377
leiden,329
leiden,296
leiden,283
leiden,251
leiden,244
leiden,201
leiden,155
leiden,74
leiden,56
leiden,40
leiden,38
leiden,30
leiden,11
leiden,9
leiden,5
leiden,4
leiden,4
leiden,20
leiden,13
leiden,10
leiden,10
leiden,9
leiden,7
leiden,7
leiden,40
leiden,26
leiden,23
leiden,22
leiden,18
leiden,12
leiden,11
leiden,9
leiden,7
leiden,6
leiden,47
leiden,23
leiden,20
leiden,17
leiden,17
leiden,10
leiden,9
leiden,9
leiden,34
leiden,32
leiden,28
leiden,17
leiden,11
leiden,6
leiden,6
leiden,5
leiden,651
leiden,640
leiden,522
leiden,270
leiden,261
leiden,182
leiden,167
leiden,140
leiden,127
leiden,124
leiden,82
leiden,75
leiden,19
leiden,17
leiden,15
leiden,12
leiden,12
leiden,11
leiden,11
leiden,8
leiden,7
leiden,7
leiden,6
leiden,4
leiden,25
leiden,15
leiden,15
leiden,8
leiden,62
leiden,40
leiden,36
leiden,30
leiden,15
leiden,5
leiden,34
leiden,22
leiden,20
leiden,20
leiden,9
leiden,8
leiden,8
leiden,7
leiden,6
leiden,4
leiden,50
leiden,43
leiden,43
leiden,9
leiden,8
leiden,6
leiden,6
leiden,4
leiden,4
leiden,25
leiden,23
leiden,20
leiden,12
leiden,10
leiden,7
leiden,7
leiden,4
leiden,54
leiden,24
leiden,23
leiden,14
leiden,13
leiden,34
leiden,30
leiden,24
leiden,19
leiden,10
leiden,7
leiden,7
leiden,5
leiden,5
leiden,335
leiden,263
leiden,189
leiden,170
leiden,128
leiden,72
leiden,31
leiden,26
leiden,15
leiden,5
leiden,297
leiden,259
leiden,206
leiden,121
leiden,103
leiden,102
leiden,102
leiden,95
leiden,77
leiden,68
leiden,63
leiden,32
leiden,29
leiden,28
leiden,22
leiden,22
leiden,21
leiden,16
leiden,7
leiden,6
leiden,14
leiden,13
leiden,9
leiden,7
leiden,6
leiden,162
leiden,153
leiden,87
leiden,76
leiden,66
leiden,64
leiden,56
leiden,54
leiden,53
leiden,48
leiden,39
leiden,23
leiden,62
leiden,34
leiden,32
leiden,27
leiden,17
leiden,16
leiden,13
leiden,62
leiden,58
leiden,52
leiden,50
leiden,43
leiden,26
leiden,23
leiden,21
leiden,21
leiden,9
leiden,6
leiden,6
leiden,6
leiden,28
leiden,21
leiden,17
leiden,15
leiden,15
leiden,12
leiden,10
leiden,10
leiden,7
leiden,5
leiden,4
leiden,4
leiden,4
leiden,35
leiden,24
leiden,16
leiden,16
leiden,11
leiden,9
leiden,8
leiden,6
leiden,4
leiden,16
leiden,13
leiden,10
leiden,7
leiden,5
leiden,4
leiden,82
leiden,60
leiden,46
leiden,43
leiden,40
leiden,38
leiden,38
leiden,31
leiden,31
leiden,30
leiden,12
leiden,9
leiden,142
leiden,135
leiden,120
leiden,112
leiden,108
leiden,85
leiden,50
leiden,47
leiden,34
leiden,30
leiden,12
leiden,7
leiden,7
leiden,5
leiden,5
leiden,5
leiden,4
leiden,4
leiden,4
leiden,4
leiden,4
leiden,76
leiden,74
leiden,56
leiden,50
leiden,49
leiden,45
leiden,45
leiden,38
leiden,36
leiden,32
leiden,32
leiden,28
leiden,28
leiden,17
leiden,15
leiden,12
leiden,5
leiden,5
leiden,4
leiden,4
leiden,15
leiden,14
leiden,13
leiden,12
leiden,8
leiden,14
leiden,11
leiden,7
leiden,99
leiden,79
leiden,67
leiden,64
leiden,44
leiden,43
leiden,41
leiden,30
leiden,26
leiden,22
leiden,19
leiden,13
leiden,10
leiden,7
leiden,5
leiden,5
leiden,5
leiden,4
leiden,4
leiden,22
leiden,20
leiden,16
leiden,16
leiden,13
leiden,13
leiden,5
leiden,173
leiden,158
leiden,96
leiden,91
leiden,66
leiden,64
leiden,59
leiden,50
leiden,46
leiden,44
leiden,19
leiden,15
leiden,8
leiden,6
leiden,6
leiden,156
leiden,152
leiden,150
leiden,92
leiden,77
leiden,68
leiden,51
leiden,40
leiden,13
leiden,130
leiden,72
leiden,36
leiden,12
leiden,10
leiden,57
leiden,40
leiden,33
leiden,29
leiden,20
leiden,18
leiden,14
leiden,37
leiden,33
leiden,28
leiden,25
leiden,20
leiden,403
leiden,361
leiden,348
leiden,296
leiden,291
leiden,251
leiden,241
leiden,183
leiden,159
leiden,108
leiden,94
leiden,77
leiden,28
leiden,27
leiden,17
leiden,17
leiden,13
leiden,10
leiden,4
leiden,51
leiden,43
leiden,40
leiden,25
leiden,22
leiden,14
leiden,14
leiden,13
leiden,13
leiden,12
leiden,12
leiden,10
leiden,10
leiden,9
leiden,9
leiden,6
leiden,4
leiden,450
leiden,284
leiden,244
leiden,236
leiden,192
leiden,162
leiden,144
leiden,119
leiden,113
leiden,109
leiden,98
leiden,30
leiden,10
leiden,10
leiden,7
leiden,5
leiden,32
leiden,24
leiden,20
leiden,12
leiden,175
leiden,153
leiden,139
leiden,122
leiden,120
leiden,119
leiden,88
leiden,79
leiden,55
leiden,46
leiden,42
leiden,35
leiden,9
leiden,5
leiden,38
leiden,37
leiden,34
leiden,29
leiden,27
leiden,22
leiden,140
leiden,118
leiden,103
leiden,102
leiden,100
leiden,94
leiden,77
leiden,66
leiden,55
leiden,36
leiden,22
leiden,20
leiden,19
leiden,15
leiden,8
leiden,7
leiden,180
leiden,135
leiden,129
leiden,111
leiden,105
leiden,99
leiden,85
leiden,62
leiden,61
leiden,60
leiden,53
leiden,40
leiden,38
leiden,24
leiden,21
leiden,20
leiden,6
leiden,5
leiden,36
leiden,34
leiden,24
leiden,13
leiden,13
leiden,5
leiden,5
leiden,5
leiden,4
leiden,29
leiden,23
leiden,19
leiden,19
leiden,18
leiden,16
leiden,16
leiden,13
leiden,13
leiden,9
leiden,7
leiden,5
leiden,5
leiden,5
leiden,5
leiden,5
leiden,4
leiden,573
leiden,524
leiden,427
leiden,378
leiden,351
leiden,279
leiden,233
leiden,195
leiden,152
leiden,107
leiden,103
leiden,87
leiden,64
leiden,34
leiden,20
leiden,11
leiden,10
leiden,9
leiden,7
leiden,7
leiden,7
leiden,7
leiden,5
leiden,43
leiden,38
leiden,35
leiden,28
leiden,18
leiden,15
leiden,12
leiden,49
leiden,42
leiden,41
leiden,31
leiden,29
leiden,26
leiden,23
leiden,12
leiden,6
leiden,4
leiden,20
leiden,13
leiden,12
leiden,8
leiden,6
leiden,428
leiden,98
leiden,19
leiden,15
leiden,13
leiden,12
leiden,12
leiden,6
leiden,6
leiden,6
leiden,4
leiden,4
leiden,509
leiden,207
leiden,186
leiden,121
leiden,113
leiden,82
leiden,80
leiden,59
leiden,28
leiden,24
leiden,18
leiden,8
leiden,7
leiden,7
leiden,6
leiden,11
leiden,10
leiden,6
leiden,5
leiden,43
leiden,26
leiden,14
leiden,12
leiden,11
leiden,6
leiden,5
leiden,84
leiden,40
leiden,29
leiden,10
leiden,9
leiden,6
leiden,5
leiden,20
leiden,19
leiden,10
leiden,5
leiden,26
leiden,25
leiden,24
leiden,24
leiden,18
leiden,16
leiden,11
leiden,10
leiden,4
leiden,53
leiden,48
leiden,37
leiden,35
leiden,28
leiden,24
leiden,23
leiden,20
leiden,14
leiden,11
leiden,10
leiden,6
leiden,16
leiden,12
leiden,11
leiden,4
leiden,4
leiden,17
leiden,16
leiden,12
leiden,10
leiden,8
leiden,7
leiden,113
leiden,62
leiden,54
leiden,43
leiden,26
leiden,21
leiden,17
leiden,17
leiden,4
leiden,67
leiden,53
leiden,51
leiden,50
leiden,50
leiden,40
leiden,30
leiden,5
leiden,36
leiden,20
leiden,13
leiden,12
leiden,9
leiden,103
leiden,94
leiden,78
leiden,70
leiden,67
leiden,60
leiden,48
leiden,26
leiden,6
leiden,36
leiden,36
leiden,29
leiden,24
leiden,18
leiden,10
leiden,6
leiden,4
leiden,19
leiden,17
leiden,17
leiden,12
leiden,12
leiden,6
leiden,18
leiden,16
leiden,15
leiden,14
leiden,13
leiden,12
leiden,1064
leiden,967
leiden,836
leiden,808
leiden,629
leiden,514
leiden,192
leiden,150
leiden,115
leiden,104
leiden,99
leiden,99
leiden,98
leiden,64
leiden,61
leiden,44
leiden,38
leiden,35
leiden,31
leiden,23
leiden,22
leiden,21
leiden,14
leiden,10
leiden,10
leiden,8
leiden,8
leiden,6
leiden,6
leiden,6
leiden,6
leiden,5
leiden,5
leiden,5
leiden,4
leiden,4
leiden,4
leiden,4
leiden,217
leiden,117
leiden,108
leiden,104
leiden,81
leiden,78
leiden,76
leiden,74
leiden,61
leiden,58
leiden,39
leiden,32
leiden,29
leiden,18
leiden,15
leiden,9
leiden,9
leiden,9
leiden,8
leiden,7
leiden,5
leiden,129
leiden,92
leiden,69
leiden,66
leiden,61
leiden,53
leiden,47
leiden,36
leiden,35
leiden,27
leiden,9
leiden,6
leiden,4
leiden,36
leiden,28
leiden,28
leiden,28
leiden,20
leiden,13
leiden,10
leiden,9
leiden,8
leiden,6
leiden,6
leiden,4
leiden,990
leiden,751
leiden,590
leiden,571
leiden,553
leiden,501
leiden,429
leiden,418
leiden,368
leiden,340
leiden,309
leiden,294
leiden,289
leiden,271
leiden,115
leiden,85
leiden,75
leiden,49
leiden,49
leiden,49
leiden,48
leiden,41
leiden,28
leiden,26
leiden,23
leiden,22
leiden,21
leiden,19
leiden,13
leiden,11
leiden,7
leiden,5
leiden,4
leiden,4
leiden,4
leiden,96
leiden,68
leiden,67
leiden,66
leiden,62
leiden,61
leiden,59
leiden,54
leiden,23
leiden,19
leiden,8
leiden,7
leiden,49
leiden,30
leiden,22
leiden,20
leiden,12
leiden,11
leiden,8
leiden,111
leiden,110
leiden,98
leiden,91
leiden,73
leiden,51
leiden,45
leiden,36
leiden,32
leiden,20
leiden,9
leiden,7
leiden,6
leiden,4
leiden,83
leiden,81
leiden,67
leiden,55
leiden,47
leiden,46
leiden,39
leiden,34
leiden,13
leiden,13
leiden,16
leiden,10
leiden,8
leiden,8
leiden,7
leiden,6
leiden,87
leiden,44
leiden,39
leiden,22
leiden,22
leiden,13
leiden,11
leiden,10
leiden,5
leiden,5
leiden,4
leiden,38
leiden,31
leiden,21
leiden,17
leiden,16
leiden,10
leiden,9
leiden,153
leiden,152
leiden,143
leiden,129
leiden,47
leiden,42
leiden,35
leiden,28
leiden,20
leiden,188
leiden,37
leiden,30
leiden,22
leiden,18
leiden,14
leiden,10
leiden,8
leiden,4
leiden,4
leiden,4
leiden,867
leiden,745
leiden,470
leiden,365
leiden,300
leiden,259
leiden,256
leiden,233
leiden,195
leiden,153
leiden,150
leiden,113
leiden,84
leiden,44
leiden,21
leiden,12
leiden,5
leiden,4
leiden,4
leiden,37
leiden,31
leiden,30
leiden,29
leiden,29
leiden,25
leiden,20
leiden,14
leiden,7
leiden,7
leiden,4
leiden,4
leiden,4
leiden,4
leiden,4
leiden,4
leiden,4
leiden,4
leiden,4
leiden,4
leiden,4
leiden,4
leiden,25
leiden,18
leiden,8
leiden,7
leiden,6
leiden,6
leiden,5
leiden,4
leiden,4
leiden,4
leiden,4
leiden,4
leiden,125
leiden,107
leiden,102
leiden,99
leiden,86
leiden,80
leiden,56
leiden,49
leiden,45
leiden,33
leiden,31
leiden,23
leiden,22
leiden,21
leiden,19
leiden,19
leiden,10
leiden,9
leiden,6
leiden,564
leiden,508
leiden,445
leiden,398
leiden,232
leiden,228
leiden,221
leiden,215
leiden,189
leiden,137
leiden,75
leiden,75
leiden,44
leiden,40
leiden,34
leiden,10
leiden,10
leiden,10
leiden,5
leiden,4
leiden,4
leiden,17
leiden,13
leiden,9
leiden,25
leiden,22
leiden,21
leiden,18
leiden,15
leiden,14
leiden,12
leiden,174
leiden,111
leiden,82
leiden,52
leiden,44
leiden,40
leiden,15
leiden,7
leiden,6
leiden,6
leiden,4
leiden,17
leiden,16
leiden,13
leiden,12
leiden,10
leiden,9
leiden,5
leiden,4
leiden,118
leiden,95
leiden,66
leiden,65
leiden,54
leiden,38
leiden,24
leiden,18
leiden,13
leiden,7
leiden,65
leiden,46
leiden,44
leiden,35
leiden,20
leiden,20
leiden,17
leiden,317
leiden,93
leiden,58
leiden,52
leiden,14
leiden,13
leiden,13
leiden,11
leiden,10
leiden,8
leiden,7
leiden,7
leiden,5
leiden,5
leiden,4
leiden,4
leiden,118
leiden,115
leiden,101
leiden,94
leiden,82
leiden,81
leiden,64
leiden,54
leiden,51
leiden,47
leiden,19
leiden,15
leiden,12
leiden,6
leiden,4
leiden,128
leiden,97
leiden,54
leiden,47
leiden,38
leiden,36
leiden,4
leiden,20
leiden,15
leiden,5
leiden,160
leiden,74
leiden,58
leiden,48
leiden,45
leiden,28
leiden,23
leiden,22
leiden,21
leiden,18
leiden,15
leiden,5
leiden,44
leiden,36
leiden,21
leiden,4
leiden,23
leiden,15
leiden,14
leiden,13
leiden,10
leiden,10
leiden,9
leiden,8
leiden,5
leiden,181
leiden,37
leiden,30
leiden,22
leiden,18
leiden,5
leiden,43
leiden,20
leiden,12
leiden,12
leiden,12
leiden,11
leiden,35
leiden,24
leiden,22
leiden,19
leiden,18
leiden,11
leiden,7
leiden,12
leiden,11
leiden,8
leiden,61
leiden,23
leiden,10
leiden,32
leiden,27
leiden,22
leiden,15
leiden,14
leiden,52
leiden,36
leiden,20
leiden,18
leiden,9
leiden,5
leiden,5
leiden,5
leiden,12
leiden,9
leiden,8
leiden,5
leiden,83
leiden,39
leiden,34
leiden,28
leiden,28
leiden,25
leiden,14
leiden,12
leiden,10
leiden,8
leiden,6
leiden,114
leiden,76
leiden,53
leiden,52
leiden,48
leiden,33
leiden,30
leiden,27
leiden,72
leiden,62
leiden,41
leiden,30
leiden,23
leiden,6
leiden,6
leiden,36
leiden,32
leiden,29
leiden,22
leiden,4
leiden,11
leiden,8
leiden,6
leiden,5
leiden,5
leiden,19
leiden,16
leiden,13
leiden,11
leiden,10
leiden,4
leiden,79
leiden,57
leiden,52
leiden,39
leiden,28
leiden,25
leiden,16
leiden,15
leiden,14
leiden,4
leiden,4
leiden,13
leiden,12
leiden,9
leiden,9
leiden,21
leiden,17
leiden,14
leiden,5
leiden,5
leiden,4
leiden,22
leiden,17
leiden,6
leiden,19
leiden,19
leiden,10
leiden,9
leiden,8
leiden,6
leiden,5
leiden,5
leiden,5
leiden,5
leiden,4
leiden,4
leiden,115
leiden,61
leiden,51
leiden,46
leiden,44
leiden,38
leiden,27
leiden,14
leiden,13
leiden,12
leiden,12
leiden,6
leiden,6
leiden,5
leiden,5
leiden,31
leiden,30
leiden,17
leiden,16
leiden,11
leiden,11
leiden,44
leiden,31
leiden,24
leiden,23
leiden,17
leiden,9
leiden,301
leiden,106
leiden,82
leiden,78
leiden,77
leiden,70
leiden,57
leiden,54
leiden,51
leiden,47
leiden,36
leiden,35
leiden,34
leiden,34
leiden,33
leiden,32
leiden,29
leiden,28
leiden,26
leiden,26
leiden,26
leiden,24
leiden,20
leiden,18
leiden,16
leiden,13
leiden,13
leiden,11
leiden,10
leiden,9
leiden,9
leiden,8
leiden,7
leiden,7
leiden,7
leiden,6
leiden,5
leiden,5
leiden,5
leiden,5
leiden,5
leiden,5
leiden,5
leiden,5
leiden,4
leiden,4
leiden,4
leiden,4
leiden,4
leiden,4
leiden,4
leiden,4
leiden,4
leiden,4
leiden,4
leiden,4
leiden,43
leiden,34
leiden,20
leiden,18
leiden,10
leiden,7
leiden,6
leiden,5
leiden,5
leiden,4
leiden,4
leiden,42
leiden,35
leiden,35
leiden,31
leiden,17
leiden,14
leiden,13
leiden,8
leiden,6
leiden,5
leiden,5
leiden,4
leiden,4
leiden,4
leiden,4
leiden,4
leiden,4
leiden,26
leiden,26
leiden,17
leiden,11
leiden,7
leiden,6
leiden,6
leiden,30
leiden,15
leiden,12
leiden,10
leiden,9
leiden,8
leiden,7
leiden,6
leiden,4
leiden,112
leiden,69
leiden,60
leiden,55
leiden,47
leiden,41
leiden,41
leiden,36
leiden,25
leiden,22
leiden,9
leiden,9
leiden,45
leiden,34
leiden,33
leiden,30
leiden,26
leiden,10
leiden,7
leiden,6
leiden,16
leiden,12
leiden,11
leiden,8
leiden,7
leiden,53
leiden,38
leiden,37
leiden,29
leiden,24
leiden,22
leiden,18
leiden,16
leiden,16
leiden,4
leiden,23
leiden,18
leiden,15
leiden,14
leiden,11
leiden,10
leiden,9
leiden,50
leiden,32
leiden,27
leiden,26
leiden,18
leiden,10
leiden,9
leiden,6
leiden,137
leiden,132
leiden,127
leiden,127
leiden,121
leiden,92
leiden,81
leiden,74
leiden,69
leiden,42
leiden,32
leiden,26
leiden,14
leiden,11
leiden,8
leiden,5
leiden,139
leiden,122
leiden,103
leiden,102
leiden,88
leiden,85
leiden,82
leiden,78
leiden,59
leiden,34
leiden,28
leiden,22
leiden,21
leiden,17
leiden,16
leiden,10
leiden,9
leiden,7
leiden,5
leiden,5
leiden,4
leiden,4
leiden,32
leiden,32
leiden,25
leiden,24
leiden,20
leiden,8
leiden,8
leiden,66
leiden,61
leiden,55
leiden,48
leiden,46
leiden,45
leiden,32
leiden,10
leiden,4
leiden,66
leiden,65
leiden,53
leiden,37
leiden,34
leiden,7
leiden,85
leiden,46
leiden,36
leiden,31
leiden,25
leiden,20
leiden,15
leiden,12
leiden,4
leiden,4
leiden,43
leiden,37
leiden,29
leiden,29
leiden,25
leiden,17
leiden,16
leiden,15
leiden,14
leiden,13
leiden,13
leiden,8
leiden,24
leiden,16
leiden,14
leiden,13
leiden,11
leiden,9
leiden,7
leiden,6
leiden,93
leiden,56
leiden,55
leiden,39
leiden,38
leiden,35
leiden,34
leiden,33
leiden,13
leiden,10
leiden,10
leiden,7
leiden,6
leiden,5
leiden,5
leiden,5
leiden,4
leiden,4
leiden,27
leiden,4
leiden,249
leiden,147
leiden,139
leiden,123
leiden,119
leiden,113
leiden,75
leiden,69
leiden,25
leiden,16
leiden,9
leiden,9
leiden,12
leiden,9
leiden,7
leiden,6
leiden,30
leiden,27
leiden,20
leiden,12
leiden,12
leiden,10
leiden,7
leiden,5
leiden,76
leiden,55
leiden,52
leiden,40
leiden,26
leiden,24
leiden,24
leiden,19
leiden,16
leiden,16
leiden,12
leiden,115
leiden,112
leiden,70
leiden,56
leiden,48
leiden,44
leiden,42
leiden,20
leiden,6
leiden,4
leiden,4
leiden,21
leiden,19
leiden,16
leiden,15
leiden,12
leiden,8
leiden,8
leiden,59
leiden,54
leiden,42
leiden,40
leiden,34
leiden,32
leiden,32
leiden,29
leiden,27
leiden,26
leiden,86
leiden,79
leiden,79
leiden,61
leiden,49
leiden,42
leiden,17
leiden,8
leiden,53
leiden,52
leiden,47
leiden,42
leiden,37
leiden,33
leiden,32
leiden,25
leiden,16
leiden,18
leiden,17
leiden,11
leiden,10
leiden,9
leiden,8
leiden,7
leiden,5
leiden,21
leiden,20
leiden,19
leiden,17
leiden,12
leiden,9
leiden,29
leiden,23
leiden,20
leiden,9
leiden,9
leiden,8
leiden,8
leiden,6
leiden,5
leiden,26
leiden,22
leiden,17
leiden,7
leiden,28
leiden,25
leiden,25
leiden,22
leiden,16
leiden,13
leiden,51
leiden,39
leiden,35
leiden,31
leiden,29
leiden,24
leiden,21
leiden,19
leiden,17
leiden,17
leiden,16
leiden,8
leiden,98
leiden,89
leiden,86
leiden,79
leiden,71
leiden,52
leiden,47
leiden,44
leiden,30
leiden,23
leiden,14
leiden,13
leiden,12
leiden,10
leiden,8
leiden,7
leiden,6
leiden,5
leiden,4
leiden,32
leiden,26
leiden,25
leiden,21
leiden,21
leiden,13
leiden,8
leiden,7
leiden,16
leiden,12
leiden,8
leiden,6
leiden,61
leiden,57
leiden,54
leiden,34
leiden,32
leiden,32
leiden,29
leiden,29
leiden,28
leiden,28
leiden,27
leiden,25
leiden,25
leiden,17
leiden,15
leiden,13
leiden,12
leiden,9
leiden,8
leiden,7
leiden,6
leiden,5
leiden,4
leiden,4
leiden,4
leiden,10
leiden,9
leiden,7
leiden,9
leiden,9
leiden,8
leiden,6
leiden,236
leiden,216
leiden,213
leiden,180
leiden,180
leiden,136
leiden,118
leiden,115
leiden,100
leiden,99
leiden,43
leiden,29
leiden,16
leiden,14
leiden,10
leiden,9
leiden,48
leiden,36
leiden,34
leiden,31
leiden,30
leiden,27
leiden,19
leiden,11
leiden,11
leiden,10
leiden,9
leiden,8
leiden,197
leiden,161
leiden,131
leiden,115
leiden,108
leiden,108
leiden,86
leiden,69
leiden,60
leiden,26
leiden,19
leiden,18
leiden,13
leiden,9
leiden,8
leiden,8
leiden,6
leiden,6
leiden,5
leiden,64
leiden,38
leiden,33
leiden,31
leiden,30
leiden,23
leiden,20
leiden,18
leiden,12
leiden,10
leiden,7
leiden,5
leiden,4
leiden,4
leiden,26
leiden,19
leiden,19
leiden,7
leiden,206
leiden,132
leiden,101
leiden,88
leiden,78
leiden,56
leiden,43
leiden,20
leiden,17
leiden,16
leiden,16
leiden,13
leiden,11
leiden,10
leiden,7
leiden,6
leiden,4
leiden,4
leiden,99
leiden,68
leiden,61
leiden,42
leiden,36
leiden,35
leiden,29
leiden,28
leiden,23
leiden,22
leiden,18
leiden,8
leiden,6
leiden,6
leiden,37
leiden,10
leiden,8
leiden,7
leiden,67
leiden,63
leiden,56
leiden,46
leiden,41
leiden,41
leiden,36
leiden,25
leiden,16
leiden,9
leiden,63
leiden,50
leiden,43
leiden,35
leiden,34
leiden,33
leiden,28
leiden,12
leiden,6
leiden,155
leiden,121
leiden,116
leiden,71
leiden,63
leiden,42
leiden,31
leiden,29
leiden,21
leiden,17
leiden,12
leiden,9
leiden,9
leiden,8
leiden,8
leiden,6
leiden,5
leiden,4
leiden,16
leiden,16
leiden,14
leiden,11
leiden,6
leiden,37
leiden,29
leiden,29
leiden,14
leiden,13
leiden,9
leiden,8
leiden,5
leiden,36
leiden,33
leiden,29
leiden,25
leiden,19
leiden,12
leiden,12
leiden,12
leiden,11
leiden,10
leiden,9
leiden,8
leiden,8
leiden,5
leiden,5
leiden,5
leiden,30
leiden,28
leiden,16
leiden,12
leiden,11
leiden,10
leiden,10
leiden,6
leiden,147
leiden,121
leiden,114
leiden,92
leiden,83
leiden,82
leiden,74
leiden,73
leiden,65
leiden,58
leiden,57
leiden,47
leiden,41
leiden,38
leiden,28
leiden,20
leiden,10
leiden,7
leiden,6
leiden,4
leiden,33
leiden,32
leiden,32
leiden,19
leiden,16
leiden,8
leiden,5
leiden,4
leiden,161
leiden,129
leiden,58
leiden,57
leiden,45
leiden,43
leiden,40
leiden,31
leiden,21
leiden,14
leiden,12
leiden,10
leiden,10
leiden,4
leiden,4
leiden,48
leiden,33
leiden,23
leiden,22
leiden,21
leiden,21
leiden,17
leiden,15
leiden,10
leiden,4
leiden,25
leiden,9
leiden,7
leiden,6
leiden,4
leiden,52
leiden,33
leiden,23
leiden,5
leiden,9
leiden,9
leiden,8
leiden,8
leiden,6
leiden,5
leiden,92
leiden,64
leiden,55
leiden,52
leiden,32
leiden,27
leiden,16
leiden,8
leiden,149
leiden,92
leiden,91
leiden,87
leiden,67
leiden,64
leiden,50
leiden,38
leiden,36
leiden,32
leiden,32
leiden,28
leiden,26
leiden,25
leiden,22
leiden,17
leiden,16
leiden,7
leiden,6
leiden,5
leiden,5
leiden,5
leiden,118
leiden,68
leiden,57
leiden,55
leiden,52
leiden,40
leiden,17
leiden,16
leiden,14
leiden,11
leiden,10
leiden,5
leiden,33
leiden,20
leiden,19
leiden,17
leiden,17
leiden,16
leiden,13
leiden,10
leiden,5
leiden,77
leiden,53
leiden,42
leiden,41
leiden,38
leiden,35
leiden,24
leiden,22
leiden,15
leiden,14
leiden,13
leiden,13
leiden,11
leiden,11
leiden,11
leiden,11
leiden,8
leiden,8
leiden,5
leiden,4
leiden,42
leiden,35
leiden,33
leiden,33
leiden,25
leiden,17
leiden,15
leiden,9
leiden,187
leiden,101
leiden,58
leiden,57
leiden,53
leiden,50
leiden,39
leiden,37
leiden,34
leiden,17
leiden,15
leiden,4
leiden,152
leiden,71
leiden,56
leiden,25
leiden,18
leiden,18
leiden,12
leiden,11
leiden,10
leiden,9
leiden,9
leiden,9
leiden,9
leiden,7
leiden,7
leiden,7
leiden,6
leiden,6
leiden,4
leiden,47
leiden,29
leiden,25
leiden,24
leiden,23
leiden,20
leiden,20
leiden,10
leiden,27
leiden,23
leiden,21
leiden,17
leiden,13
leiden,12
leiden,9
leiden,8
leiden,4
leiden,20
leiden,10
leiden,9
leiden,6
leiden,6
leiden,17
leiden,12
leiden,12
leiden,11
leiden,8
leiden,8
leiden,7
leiden,90
leiden,89
leiden,87
leiden,73
leiden,60
leiden,60
leiden,54
leiden,24
leiden,16
leiden,13
leiden,11
leiden,11
leiden,11
leiden,11
leiden,10
leiden,6
leiden,5
leiden,4
leiden,80
leiden,68
leiden,51
leiden,50
leiden,41
leiden,39
leiden,34
leiden,26
leiden,24
leiden,24
leiden,22
leiden,21
leiden,18
leiden,10
leiden,9
leiden,7
leiden,6
leiden,5
leiden,4
leiden,181
leiden,171
leiden,106
leiden,99
leiden,89
leiden,87
leiden,74
leiden,54
leiden,46
leiden,31
leiden,29
leiden,27
leiden,14
leiden,12
leiden,7
leiden,4
leiden,64
leiden,63
leiden,39
leiden,32
leiden,30
leiden,20
leiden,136
leiden,135
leiden,126
leiden,69
leiden,63
leiden,45
leiden,13
leiden,5
leiden,4
leiden,12
leiden,10
leiden,8
leiden,7
leiden,5
leiden,351
leiden,228
leiden,156
leiden,155
leiden,113
leiden,67
leiden,53
leiden,42
leiden,14
leiden,14
leiden,6
leiden,4
leiden,15
leiden,8
leiden,8
leiden,6
leiden,636
leiden,400
leiden,318
leiden,283
leiden,265
leiden,258
leiden,250
leiden,232
leiden,218
leiden,199
leiden,191
leiden,142
leiden,123
leiden,64
leiden,46
leiden,43
leiden,34
leiden,29
leiden,27
leiden,23
leiden,17
leiden,15
leiden,8
leiden,8
leiden,7
leiden,5
leiden,5
leiden,5
leiden,4
leiden,42
leiden,41
leiden,40
leiden,38
leiden,31
leiden,26
leiden,25
leiden,15
leiden,8
leiden,104
leiden,79
leiden,70
leiden,57
leiden,47
leiden,47
leiden,24
leiden,17
leiden,17
leiden,12
leiden,11
leiden,10
leiden,8
leiden,60
leiden,52
leiden,20
leiden,16
leiden,15
leiden,15
leiden,12
leiden,11
leiden,10
leiden,5
leiden,4
leiden,289
leiden,208
leiden,184
leiden,149
leiden,126
leiden,106
leiden,79
leiden,60
leiden,57
leiden,51
leiden,27
leiden,22
leiden,21
leiden,19
leiden,14
leiden,11
leiden,254
leiden,195
leiden,189
leiden,108
leiden,90
leiden,78
leiden,77
leiden,62
leiden,44
leiden,6
leiden,18
leiden,17
leiden,16
leiden,15
leiden,13
leiden,13
leiden,10
leiden,28
leiden,23
leiden,20
leiden,19
leiden,12
leiden,9
leiden,6
leiden,5
leiden,804
leiden,728
leiden,374
leiden,337
leiden,333
leiden,310
leiden,273
leiden,270
leiden,245
leiden,171
leiden,135
leiden,109
leiden,101
leiden,91
leiden,81
leiden,53
leiden,51
leiden,11
leiden,5
leiden,34
leiden,32
leiden,29
leiden,24
leiden,22
leiden,171
leiden,156
leiden,143
leiden,137
leiden,127
leiden,118
leiden,98
leiden,95
leiden,72
leiden,65
leiden,41
leiden,40
leiden,29
leiden,19
leiden,12
leiden,9
leiden,7
leiden,7
leiden,7
leiden,6
leiden,5
leiden,4
leiden,492
leiden,352
leiden,258
leiden,234
leiden,182
leiden,180
leiden,154
leiden,138
leiden,127
leiden,125
leiden,125
leiden,82
leiden,75
leiden,67
leiden,65
leiden,65
leiden,54
leiden,44
leiden,39
leiden,39
leiden,38
leiden,26
leiden,21
leiden,18
leiden,10
leiden,10
leiden,7
leiden,7
leiden,7
leiden,7
leiden,5
leiden,5
leiden,5
leiden,4
leiden,4
leiden,4
leiden,4
leiden,4
leiden,53
leiden,47
leiden,41
leiden,39
leiden,27
leiden,27
leiden,26
leiden,15
leiden,13
leiden,39
leiden,34
leiden,30
leiden,27
leiden,20
leiden,17
leiden,17
leiden,16
leiden,15
leiden,10
leiden,7
leiden,6
leiden,4
leiden,101
leiden,81
leiden,57
leiden,55
leiden,52
leiden,28
leiden,23
leiden,6
leiden,31
leiden,29
leiden,27
leiden,27
leiden,26
leiden,24
leiden,23
leiden,27
leiden,23
leiden,14
leiden,10
leiden,9
leiden,9
leiden,61
leiden,33
leiden,32
leiden,23
leiden,16
leiden,16
leiden,6
leiden,102
leiden,86
leiden,48
leiden,44
leiden,44
leiden,38
leiden,26
leiden,20
leiden,18
leiden,15
leiden,5
leiden,80
leiden,78
leiden,69
leiden,56
leiden,40
leiden,37
leiden,29
leiden,28
leiden,23
leiden,22
leiden,17
leiden,15
leiden,14
leiden,10
leiden,8
leiden,6
leiden,5
leiden,5
leiden,4
leiden,22
leiden,15
leiden,14
leiden,10
leiden,5
leiden,5
leiden,27
leiden,22
leiden,22
leiden,12
leiden,10
leiden,6
leiden,4
leiden,12
leiden,11
leiden,9
leiden,4
leiden,64
leiden,48
leiden,38
leiden,26
leiden,25
leiden,21
leiden,10
leiden,8
leiden,6
leiden,4
leiden,46
leiden,35
leiden,29
leiden,26
leiden,22
leiden,18
leiden,16
leiden,4
leiden,245
leiden,231
leiden,153
leiden,151
leiden,141
leiden,105
leiden,85
leiden,78
leiden,60
leiden,50
leiden,41
leiden,28
leiden,16
leiden,11
leiden,5
leiden,114
leiden,82
leiden,80
leiden,72
leiden,70
leiden,67
leiden,62
leiden,51
leiden,39
leiden,28
leiden,28
leiden,27
leiden,27
leiden,25
leiden,12
leiden,12
leiden,11
leiden,7
leiden,7
leiden,6
leiden,5
leiden,4
leiden,4
leiden,4
leiden,23
leiden,21
leiden,18
leiden,17
leiden,12
leiden,11
leiden,8
leiden,5
leiden,4
leiden,317
leiden,299
leiden,193
leiden,172
leiden,87
leiden,86
leiden,80
leiden,73
leiden,67
leiden,51
leiden,49
leiden,46
leiden,19
leiden,16
leiden,16
leiden,9
leiden,7
leiden,6
leiden,6
leiden,6
leiden,6
leiden,5
leiden,4
leiden,4
leiden,4
leiden,4
leiden,10
leiden,8
leiden,7
leiden,5
leiden,28
leiden,26
leiden,9
leiden,6
leiden,5
leiden,40
leiden,36
leiden,23
leiden,22
leiden,18
leiden,13
leiden,7
leiden,5
leiden,27
leiden,26
leiden,19
leiden,7
leiden,7
leiden,6
leiden,4
leiden,4
leiden,179
leiden,127
leiden,95
leiden,88
leiden,85
leiden,34
leiden,24
leiden,18
leiden,10
leiden,9
leiden,9
leiden,5
leiden,40
leiden,36
leiden,35
leiden,14
leiden,14
leiden,13
leiden,5
leiden,28
leiden,28
leiden,24
leiden,22
leiden,17
leiden,9
leiden,9
leiden,140
leiden,106
leiden,105
leiden,87
leiden,80
leiden,53
leiden,48
leiden,47
leiden,44
leiden,40
leiden,30
leiden,24
leiden,5
leiden,15
leiden,12
leiden,9
leiden,6
leiden,4
leiden,126
leiden,109
leiden,64
leiden,54
leiden,49
leiden,40
leiden,33
leiden,32
leiden,27
leiden,24
leiden,23
leiden,19
leiden,18
leiden,16
leiden,12
leiden,12
leiden,11
leiden,8
leiden,7
leiden,7
leiden,7
leiden,4
leiden,130
leiden,117
leiden,92
leiden,54
leiden,49
leiden,42
leiden,40
leiden,34
leiden,32
leiden,21
leiden,16
leiden,7
leiden,6
leiden,24
leiden,23
leiden,12
leiden,10
leiden,7
leiden,5
leiden,4
leiden,76
leiden,69
leiden,58
leiden,56
leiden,52
leiden,51
leiden,50
leiden,40
leiden,16
leiden,16
leiden,218
leiden,169
leiden,111
leiden,93
leiden,86
leiden,45
leiden,13
leiden,10
leiden,9
leiden,15
leiden,14
leiden,14
leiden,9
leiden,7
leiden,41
leiden,22
leiden,20
leiden,15
leiden,15
leiden,15
leiden,13
leiden,10
leiden,9
leiden,6
leiden,145
leiden,81
leiden,62
leiden,54
leiden,40
leiden,26
leiden,21
leiden,15
leiden,12
leiden,12
leiden,11
leiden,9
leiden,6
leiden,6
leiden,4
leiden,4
leiden,123
leiden,88
leiden,78
leiden,77
leiden,63
leiden,54
leiden,53
leiden,35
leiden,34
leiden,22
leiden,17
leiden,19
leiden,13
leiden,13
leiden,8
leiden,5
leiden,249
leiden,237
leiden,191
leiden,141
leiden,116
leiden,113
leiden,74
leiden,61
leiden,51
leiden,50
leiden,49
leiden,21
leiden,18
leiden,10
leiden,7
leiden,5
leiden,5
leiden,4
leiden,33
leiden,24
leiden,22
leiden,22
leiden,16
leiden,9
leiden,8
leiden,6
leiden,4
leiden,140
leiden,119
leiden,113
leiden,68
leiden,37
leiden,28
leiden,25
leiden,22
leiden,22
leiden,21
leiden,16
leiden,11
leiden,11
leiden,8
leiden,7
leiden,6
leiden,5
leiden,5
leiden,70
leiden,54
leiden,46
leiden,40
leiden,36
leiden,31
leiden,29
leiden,21
leiden,19
leiden,17
leiden,12
leiden,10
leiden,228
leiden,222
leiden,214
leiden,134
leiden,70
leiden,66
leiden,61
leiden,5
leiden,24
leiden,24
leiden,19
leiden,14
leiden,7
leiden,6
leiden,4
leiden,21
leiden,13
leiden,12
leiden,9
leiden,9
leiden,177
leiden,174
leiden,153
leiden,83
leiden,73
leiden,67
leiden,52
leiden,36
leiden,29
leiden,19
leiden,19
leiden,18
leiden,8
leiden,7
leiden,7
leiden,7
leiden,6
leiden,6
leiden,5
leiden,5
leiden,5
leiden,192
leiden,171
leiden,161
leiden,139
leiden,107
leiden,106
leiden,41
leiden,32
leiden,19
leiden,11
leiden,10
leiden,9
leiden,7
leiden,7
leiden,6
leiden,6
leiden,5
leiden,653
leiden,411
leiden,287
leiden,277
leiden,258
leiden,220
leiden,211
leiden,183
leiden,176
leiden,174
leiden,170
leiden,160
leiden,146
leiden,129
leiden,92
leiden,48
leiden,24
leiden,15
leiden,12
leiden,12
leiden,11
leiden,5
leiden,32
leiden,32
leiden,25
leiden,18
leiden,17
leiden,6
leiden,4
leiden,28
leiden,24
leiden,18
leiden,14
leiden,10
leiden,5
leiden,54
leiden,33
leiden,28
leiden,28
leiden,25
leiden,22
leiden,21
leiden,18
leiden,61
leiden,47
leiden,44
leiden,37
leiden,36
leiden,32
leiden,9
leiden,5
leiden,5
leiden,93
leiden,55
leiden,47
leiden,40
leiden,40
leiden,38
leiden,30
leiden,22
leiden,19
leiden,19
leiden,18
leiden,18
leiden,18
leiden,18
leiden,16
leiden,16
leiden,15
leiden,15
leiden,12
leiden,12
leiden,11
leiden,11
leiden,10
leiden,10
leiden,9
leiden,8
leiden,7
leiden,6
leiden,5
leiden,5
leiden,5
leiden,5
leiden,4
leiden,4
leiden,4
leiden,29
leiden,25
leiden,24
leiden,18
leiden,18
leiden,13
leiden,5
leiden,4
leiden,147
leiden,139
leiden,72
leiden,55
leiden,34
leiden,25
leiden,22
leiden,9
leiden,16
leiden,14
leiden,12
leiden,11
leiden,10
leiden,9
leiden,8
leiden,52
leiden,33
leiden,28
leiden,4
leiden,4
leiden,46
leiden,45
leiden,24
leiden,20
leiden,18
leiden,14
leiden,13
leiden,9
leiden,64
leiden,38
leiden,37
leiden,35
leiden,32
leiden,21
leiden,20
leiden,12
leiden,52
leiden,45
leiden,39
leiden,31
leiden,21
leiden,13
leiden,11
leiden,10
leiden,4
leiden,4
leiden,219
leiden,200
leiden,200
leiden,171
leiden,163
leiden,162
leiden,141
leiden,82
leiden,54
leiden,43
leiden,14
leiden,10
leiden,9
leiden,8
leiden,7
leiden,6
leiden,5
leiden,5
leiden,4
leiden,4
leiden,42
leiden,28
leiden,25
leiden,23
leiden,20
leiden,12
leiden,7
leiden,6
leiden,21
leiden,10
leiden,9
leiden,6
leiden,8
leiden,8
leiden,5
leiden,5
leiden,5
leiden,13
leiden,11
leiden,9
leiden,9
leiden,6
leiden,5
leiden,104
leiden,80
leiden,66
leiden,54
leiden,47
leiden,42
leiden,42
leiden,26
leiden,61
leiden,47
leiden,47
leiden,47
leiden,41
leiden,36
leiden,35
leiden,20
leiden,14
leiden,10
leiden,4
leiden,52
leiden,37
leiden,33
leiden,24
leiden,13
leiden,13
leiden,11
leiden,10
leiden,10
leiden,10
leiden,7
leiden,7
leiden,5
leiden,4
leiden,28
leiden,21
leiden,18
leiden,16
leiden,15
leiden,15
leiden,11
leiden,10
leiden,5
leiden,4
leiden,38
leiden,28
leiden,28
leiden,26
leiden,21
leiden,17
leiden,16
leiden,12
leiden,8
leiden,7
leiden,5
leiden,21
leiden,7
leiden,7
leiden,4
leiden,561
leiden,405
leiden,289
leiden,217
leiden,152
leiden,152
leiden,131
leiden,124
leiden,119
leiden,116
leiden,115
leiden,77
leiden,77
leiden,76
leiden,71
leiden,63
leiden,55
leiden,51
leiden,49
leiden,47
leiden,32
leiden,31
leiden,28
leiden,25
leiden,25
leiden,23
leiden,22
leiden,19
leiden,17
leiden,16
leiden,12
leiden,12
leiden,12
leiden,11
leiden,11
leiden,10
leiden,8
leiden,7
leiden,7
leiden,6
leiden,5
leiden,5
leiden,5
leiden,4
leiden,4
leiden,4
leiden,4
leiden,4
leiden,4
leiden,27
leiden,22
leiden,16
leiden,10
leiden,161
leiden,122
leiden,111
leiden,108
leiden,80
leiden,59
leiden,47
leiden,44
leiden,41
leiden,21
leiden,7
leiden,6
leiden,5
leiden,5
leiden,35
leiden,23
leiden,22
leiden,21
leiden,15
leiden,14
leiden,11
leiden,6
leiden,82
leiden,66
leiden,60
leiden,53
leiden,40
leiden,40
leiden,36
leiden,16
leiden,14
leiden,11
leiden,10
leiden,8
leiden,7
leiden,4
leiden,12
leiden,9
leiden,7
leiden,35
leiden,26
leiden,21
leiden,21
leiden,16
leiden,12
leiden,11
leiden,8
leiden,6
leiden,4
leiden,440
leiden,274
leiden,262
leiden,257
leiden,208
leiden,203
leiden,131
leiden,83
leiden,70
leiden,61
leiden,58
leiden,47
leiden,34
leiden,29
leiden,28
leiden,27
leiden,25
leiden,22
leiden,20
leiden,20
leiden,19
leiden,12
leiden,10
leiden,7
leiden,237
leiden,174
leiden,146
leiden,135
leiden,95
leiden,52
leiden,52
leiden,52
leiden,46
leiden,46
leiden,36
leiden,34
leiden,27
leiden,24
leiden,23
leiden,22
leiden,12
leiden,11
leiden,8
leiden,8
leiden,4
leiden,4
leiden,510
leiden,398
leiden,325
leiden,309
leiden,228
leiden,221
leiden,213
leiden,190
leiden,153
leiden,148
leiden,129
leiden,127
leiden,110
leiden,109
leiden,98
leiden,89
leiden,79
leiden,67
leiden,67
leiden,60
leiden,52
leiden,52
leiden,41
leiden,36
leiden,31
leiden,29
leiden,29
leiden,23
leiden,22
leiden,19
leiden,17
leiden,17
leiden,17
leiden,15
leiden,13
leiden,12
leiden,10
leiden,10
leiden,9
leiden,9
leiden,8
leiden,8
leiden,8
leiden,8
leiden,7
leiden,7
leiden,6
leiden,6
leiden,5
leiden,5
leiden,4
leiden,4
leiden,4
leiden,77
leiden,76
leiden,65
leiden,59
leiden,50
leiden,35
leiden,28
leiden,25
leiden,18
leiden,13
leiden,12
leiden,12
leiden,10
leiden,5
leiden,4
leiden,4
leiden,4
leiden,19
leiden,11
leiden,11
leiden,10
leiden,10
leiden,112
leiden,62
leiden,57
leiden,54
leiden,50
leiden,47
leiden,22
leiden,19
leiden,10
leiden,10
leiden,7
leiden,4
leiden,65
leiden,43
leiden,27
leiden,22
leiden,11
leiden,4
leiden,4
leiden,4
leiden,65
leiden,33
leiden,27
leiden,22
leiden,18
leiden,15
leiden,5
leiden,58
leiden,32
leiden,31
leiden,30
leiden,28
leiden,26
leiden,20
leiden,13
leiden,5
leiden,5
leiden,77
leiden,77
leiden,56
leiden,52
leiden,47
leiden,33
leiden,33
leiden,27
leiden,22
leiden,20
leiden,19
leiden,8
leiden,7
leiden,6
leiden,12
leiden,10
leiden,8
leiden,7
leiden,55
leiden,45
leiden,28
leiden,18
leiden,15
leiden,15
leiden,15
leiden,13
leiden,8
leiden,8
leiden,4
leiden,45
leiden,37
leiden,34
leiden,33
leiden,31
leiden,25
leiden,16
leiden,16
leiden,10
leiden,10
leiden,5
leiden,81
leiden,80
leiden,68
leiden,61
leiden,47
leiden,30
leiden,18
leiden,11
leiden,11
leiden,7
leiden,7
leiden,4
leiden,29
leiden,24
leiden,19
leiden,15
leiden,14
leiden,14
leiden,14
leiden,13
leiden,12
leiden,12
leiden,11
leiden,11
leiden,11
leiden,11
leiden,10
leiden,10
leiden,10
leiden,10
leiden,10
leiden,10
leiden,10
leiden,10
leiden,10
leiden,10
leiden,9
leiden,9
leiden,9
leiden,9
leiden,9
leiden,9
leiden,9
leiden,9
leiden,9
leiden,9
leiden,8
leiden,8
leiden,8
leiden,8
leiden,8
leiden,8
leiden,8
leiden,8
leiden,7
leiden,7
leiden,7
leiden,7
leiden,7
leiden,7
leiden,7
leiden,7
leiden,7
leiden,7
leiden,7
leiden,6
leiden,6
leiden,6
leiden,6
leiden,6
leiden,6
leiden,6
leiden,6
leiden,6
leiden,6
leiden,6
leiden,6
leiden,6
leiden,6
leiden,6
leiden,6
leiden,5
leiden,5
leiden,5
leiden,5
leiden,5
leiden,5
leiden,5
leiden,5
leiden,5
leiden,5
leiden,5
leiden,5
leiden,5
leiden,5
leiden,5
leiden,5
leiden,5
leiden,5
leiden,5
leiden,4
leiden,4
leiden,4
leiden,4
leiden,4
leiden,4
leiden,4
leiden,4
leiden,4
leiden,4
leiden,4
leiden,4
leiden,4
leiden,4
leiden,4
leiden,4
leiden,4
leiden,4
leiden,4
leiden,4
leiden,4
leiden,31
leiden,28
leiden,18
leiden,17
leiden,16
leiden,14
leiden,12
leiden,4
leiden,112
leiden,68
leiden,67
leiden,55
leiden,53
leiden,48
leiden,36
leiden,29
leiden,26
leiden,22
leiden,19
leiden,10
leiden,8
leiden,8
leiden,5
leiden,5
leiden,70
leiden,49
leiden,47
leiden,46
leiden,45
leiden,45
leiden,31
leiden,31
leiden,31
leiden,28
leiden,28
leiden,21
leiden,20
leiden,19
leiden,17
leiden,15
leiden,13
leiden,6
leiden,6
leiden,6
infomap,267
infomap,177
infomap,175
infomap,42
infomap,4
infomap,1093
infomap,639
infomap,224
infomap,78
infomap,44
infomap,41
infomap,31
infomap,18
infomap,15
infomap,15
infomap,6
infomap,4
infomap,4
infomap,19
infomap,16
infomap,9
infomap,174
infomap,127
infomap,114
infomap,27
infomap,4
infomap,37
infomap,28
infomap,26
infomap,6
infomap,5
infomap,5
infomap,5
infomap,5
infomap,4
infomap,14
infomap,9
infomap,6
infomap,5
infomap,113
infomap,46
infomap,16
infomap,11
infomap,9
infomap,7
infomap,7
infomap,4
infomap,56
infomap,42
infomap,21
infomap,9
infomap,113
infomap,59
infomap,19
infomap,18
infomap,18
infomap,5
infomap,68
infomap,23
infomap,15
infomap,14
infomap,13
infomap,12
infomap,9
infomap,7
infomap,6
infomap,5
infomap,5
infomap,47
infomap,14
infomap,7
infomap,176
infomap,164
infomap,108
infomap,100
infomap,62
infomap,53
infomap,17
infomap,12
infomap,4
infomap,182
infomap,75
infomap,50
infomap,26
infomap,25
infomap,9
infomap,107
infomap,101
infomap,89
infomap,64
infomap,63
infomap,29
infomap,17
infomap,425
infomap,106
infomap,121
infomap,37
infomap,23
infomap,15
infomap,7
infomap,232
infomap,137
infomap,135
infomap,113
infomap,67
infomap,47
infomap,30
infomap,18
infomap,4
infomap,243
infomap,47
infomap,34
infomap,20
infomap,10
infomap,47
infomap,32
infomap,15
infomap,35
infomap,8
infomap,4
infomap,4
infomap,86
infomap,85
infomap,83
infomap,34
infomap,7
infomap,4
infomap,29
infomap,28
infomap,445
infomap,9
infomap,6
infomap,5
infomap,393
infomap,254
infomap,199
infomap,120
infomap,113
infomap,102
infomap,92
infomap,85
infomap,62
infomap,21
infomap,172
infomap,41
infomap,20
infomap,14
infomap,12
infomap,50
infomap,35
infomap,4
infomap,34
infomap,32
infomap,7
infomap,18
infomap,17
infomap,92
infomap,57
infomap,43
infomap,200
infomap,62
infomap,32
infomap,5
infomap,5
infomap,43
infomap,19
infomap,219
infomap,137
infomap,89
infomap,27
infomap,20
infomap,17
infomap,14
infomap,12
infomap,108
infomap,17
infomap,285
infomap,45
infomap,17
infomap,16
infomap,10
infomap,573
infomap,50
infomap,9
infomap,40
infomap,36
infomap,5
infomap,4
infomap,4
infomap,4
infomap,414
infomap,375
infomap,146
infomap,103
infomap,57
infomap,45
infomap,23
infomap,22
infomap,21
infomap,21
infomap,20
infomap,20
infomap,19
infomap,14
infomap,13
infomap,12
infomap,37
infomap,22
infomap,17
infomap,11
infomap,10
infomap,9
infomap,5
infomap,5
infomap,4
infomap,30
infomap,20
infomap,6
infomap,4
infomap,292
infomap,155
infomap,93
infomap,52
infomap,10
infomap,39
infomap,36
infomap,24
infomap,18
infomap,15
infomap,658
infomap,89
infomap,20
infomap,7
infomap,179
infomap,84
infomap,24
infomap,22
infomap,21
infomap,12
infomap,11
infomap,10
infomap,6
infomap,5
infomap,5
infomap,46
infomap,20
infomap,13
infomap,11
infomap,6
infomap,4
infomap,22
infomap,19
infomap,16
infomap,37
infomap,11
infomap,9
infomap,5
infomap,17
infomap,9
infomap,7
infomap,6
infomap,68
infomap,60
infomap,57
infomap,24
infomap,123
infomap,38
infomap,33
infomap,5
infomap,26
infomap,15
infomap,13
infomap,11
infomap,6
infomap,5
infomap,4
infomap,115
infomap,29
infomap,16
infomap,11
infomap,14
infomap,8
infomap,6
infomap,5
infomap,5
infomap,17
infomap,11
infomap,7
infomap,104
infomap,93
infomap,53
infomap,43
infomap,17
infomap,11
infomap,65
infomap,30
infomap,28
infomap,15
infomap,6
infomap,9
infomap,8
infomap,4
infomap,107
infomap,24
infomap,22
infomap,15
infomap,15
infomap,10
infomap,5
infomap,4
infomap,23
infomap,20
infomap,13
infomap,10
infomap,7
infomap,5
infomap,4
infomap,4
infomap,78
infomap,17
infomap,5
infomap,209
infomap,128
infomap,109
infomap,55
infomap,36
infomap,10
infomap,78
infomap,47
infomap,44
infomap,9
infomap,60
infomap,39
infomap,20
infomap,9
infomap,26
infomap,9
infomap,50
infomap,23
infomap,21
infomap,88
infomap,28
infomap,103
infomap,6
infomap,5
infomap,28
infomap,15
infomap,14
infomap,6
infomap,37
infomap,34
infomap,33
infomap,18
infomap,16
infomap,13
infomap,11
infomap,10
infomap,9
infomap,8
infomap,8
infomap,7
infomap,7
infomap,7
infomap,7
infomap,7
infomap,6
infomap,6
infomap,6
infomap,6
infomap,6
infomap,6
infomap,5
infomap,4
infomap,4
infomap,4
infomap,4
infomap,42
infomap,23
infomap,18
infomap,15
infomap,12
infomap,10
infomap,10
infomap,7
infomap,5
infomap,5
infomap,25
infomap,22
infomap,16
infomap,13
infomap,8
infomap,4
infomap,286
infomap,24
infomap,21
infomap,10
infomap,9
infomap,53
infomap,25
infomap,13
infomap,9
infomap,7
infomap,5
infomap,263
infomap,27
infomap,133
infomap,61
infomap,53
infomap,25
infomap,14
infomap,27
infomap,17
infomap,12
infomap,5
infomap,4
infomap,102
infomap,60
infomap,9
infomap,65
infomap,57
infomap,55
infomap,54
infomap,53
infomap,17
infomap,36
infomap,30
infomap,22
infomap,20
infomap,16
infomap,13
infomap,11
infomap,10
infomap,8
infomap,8
infomap,7
infomap,7
infomap,6
infomap,6
infomap,6
infomap,5
infomap,5
infomap,5
infomap,5
infomap,5
infomap,5
infomap,4
infomap,4
infomap,33
infomap,16
infomap,15
infomap,14
infomap,9
infomap,90
infomap,22
infomap,127
infomap,112
infomap,74
infomap,55
infomap,18
infomap,9
infomap,80
infomap,7
infomap,38
infomap,27
infomap,8
infomap,76
infomap,13
infomap,12
infomap,153
infomap,49
infomap,10
infomap,9
infomap,9
infomap,51
infomap,30
infomap,13
infomap,17
infomap,10
infomap,9
infomap,5
infomap,83
infomap,11
infomap,11
infomap,11
infomap,182
infomap,147
infomap,112
infomap,100
infomap,59
infomap,11
infomap,432
infomap,351
infomap,204
infomap,143
infomap,32
infomap,21
infomap,17
infomap,17
infomap,16
infomap,6
infomap,45
infomap,44
infomap,42
infomap,40
infomap,29
infomap,23
infomap,20
infomap,19
infomap,14
infomap,14
infomap,13
infomap,13
infomap,11
infomap,10
infomap,10
infomap,8
infomap,7
infomap,7
infomap,7
infomap,7
infomap,7
infomap,7
infomap,7
infomap,6
infomap,6
infomap,5
infomap,4
infomap,4
infomap,4
infomap,73
infomap,10
infomap,63
infomap,16
infomap,15
infomap,9
infomap,13
infomap,11
infomap,9
infomap,4
infomap,4
infomap,2557
infomap,74
infomap,7
infomap,1217
infomap,614
infomap,391
infomap,227
infomap,175
infomap,170
infomap,169
infomap,117
infomap,114
infomap,112
infomap,33
infomap,30
infomap,29
infomap,28
infomap,27
infomap,24
infomap,22
infomap,22
infomap,14
infomap,12
infomap,4
infomap,45
infomap,31
infomap,26
infomap,10
infomap,10
infomap,9
infomap,9
infomap,9
infomap,8
infomap,8
infomap,8
infomap,7
infomap,7
infomap,7
infomap,7
infomap,6
infomap,6
infomap,4
infomap,4
infomap,92
infomap,23
infomap,21
infomap,21
infomap,27
infomap,20
infomap,17
infomap,14
infomap,13
infomap,11
infomap,6
infomap,6
infomap,4
infomap,4
infomap,4
infomap,1605
infomap,762
infomap,370
infomap,307
infomap,116
infomap,79
infomap,77
infomap,17
infomap,12
infomap,8
infomap,7
infomap,6
infomap,36
infomap,27
infomap,71
infomap,24
infomap,18
infomap,17
infomap,15
infomap,11
infomap,9
infomap,5
infomap,100
infomap,11
infomap,10
infomap,8
infomap,6
infomap,159
infomap,8
infomap,6
infomap,6
infomap,60
infomap,47
infomap,10
infomap,40
infomap,18
infomap,17
infomap,17
infomap,14
infomap,9
infomap,6
infomap,88
infomap,41
infomap,7
infomap,5
infomap,693
infomap,526
infomap,10
infomap,1514
infomap,108
infomap,34
infomap,16
infomap,6
infomap,35
infomap,13
infomap,441
infomap,343
infomap,38
infomap,26
infomap,21
infomap,10
infomap,4
infomap,135
infomap,45
infomap,7
infomap,5
infomap,5
infomap,162
infomap,112
infomap,80
infomap,19
infomap,6
infomap,53
infomap,44
infomap,19
infomap,15
infomap,9
infomap,4
infomap,4
infomap,75
infomap,26
infomap,25
infomap,6
infomap,30
infomap,17
infomap,4
infomap,263
infomap,71
infomap,60
infomap,25
infomap,23
infomap,9
infomap,5
infomap,4
infomap,587
infomap,172
infomap,48
infomap,44
infomap,30
infomap,11
infomap,7
infomap,5
infomap,4
infomap,4
infomap,4
infomap,4
infomap,4
infomap,131
infomap,123
infomap,101
infomap,99
infomap,57
infomap,31
infomap,30
infomap,18
infomap,17
infomap,12
infomap,9
infomap,8
infomap,7
infomap,5
infomap,4
infomap,4
infomap,43
infomap,19
infomap,24
infomap,10
infomap,533
infomap,22
infomap,11
infomap,9
infomap,6
infomap,57
infomap,40
infomap,8
infomap,670
infomap,189
infomap,44
infomap,349
infomap,274
infomap,97
infomap,64
infomap,13
infomap,237
infomap,24
infomap,131
infomap,45
infomap,27
infomap,10
infomap,89
infomap,57
infomap,932
infomap,755
infomap,420
infomap,374
infomap,315
infomap,76
infomap,40
infomap,5
infomap,4
infomap,4
infomap,276
infomap,13
infomap,10
infomap,10
infomap,1000
infomap,844
infomap,155
infomap,88
infomap,87
infomap,25
infomap,12
infomap,65
infomap,21
infomap,4
infomap,348
infomap,276
infomap,176
infomap,157
infomap,131
infomap,83
infomap,9
infomap,5
infomap,4
infomap,175
infomap,14
infomap,303
infomap,254
infomap,124
infomap,103
infomap,62
infomap,30
infomap,22
infomap,21
infomap,6
infomap,5
infomap,31
infomap,10
infomap,7
infomap,336
infomap,235
infomap,200
infomap,146
infomap,117
infomap,87
infomap,61
infomap,33
infomap,20
infomap,65
infomap,45
infomap,14
infomap,7
infomap,6
infomap,5
infomap,4
infomap,114
infomap,82
infomap,5
infomap,5
infomap,5
infomap,1426
infomap,1080
infomap,557
infomap,490
infomap,34
infomap,5
infomap,171
infomap,20
infomap,221
infomap,46
infomap,22
infomap,14
infomap,14
infomap,6
infomap,480
infomap,104
infomap,27
infomap,15
infomap,1417
infomap,27
infomap,7
infomap,6
infomap,20
infomap,9
infomap,109
infomap,11
infomap,54
infomap,41
infomap,15
infomap,10
infomap,10
infomap,10
infomap,9
infomap,7
infomap,6
infomap,6
infomap,5
infomap,43
infomap,13
infomap,98
infomap,28
infomap,27
infomap,107
infomap,94
infomap,53
infomap,24
infomap,14
infomap,11
infomap,6
infomap,19
infomap,17
infomap,11
infomap,46
infomap,25
infomap,312
infomap,45
infomap,4
infomap,37
infomap,31
infomap,28
infomap,25
infomap,20
infomap,18
infomap,14
infomap,12
infomap,11
infomap,10
infomap,9
infomap,8
infomap,8
infomap,7
infomap,6
infomap,6
infomap,5
infomap,5
infomap,5
infomap,5
infomap,5
infomap,5
infomap,5
infomap,4
infomap,4
infomap,4
infomap,4
infomap,4
infomap,4
infomap,4
infomap,4
infomap,4
infomap,4
infomap,57
infomap,33
infomap,92
infomap,52
infomap,52
infomap,41
infomap,35
infomap,26
infomap,23
infomap,19
infomap,16
infomap,15
infomap,14
infomap,11
infomap,11
infomap,11
infomap,8
infomap,8
infomap,8
infomap,8
infomap,8
infomap,7
infomap,6
infomap,6
infomap,4
infomap,4
infomap,4
infomap,4
infomap,4
infomap,4
infomap,4
infomap,4
infomap,4
infomap,117
infomap,44
infomap,39
infomap,25
infomap,15
infomap,9
infomap,16
infomap,12
infomap,11
infomap,10
infomap,8
infomap,8
infomap,7
infomap,6
infomap,4
infomap,1744
infomap,1500
infomap,932
infomap,813
infomap,299
infomap,252
infomap,143
infomap,131
infomap,108
infomap,62
infomap,59
infomap,56
infomap,8
infomap,6
infomap,5
infomap,4
infomap,4
infomap,697
infomap,251
infomap,196
infomap,8
infomap,5
infomap,299
infomap,162
infomap,42
infomap,37
infomap,27
infomap,21
infomap,18
infomap,9
infomap,7
infomap,6
infomap,4
infomap,66
infomap,49
infomap,37
infomap,25
infomap,10
infomap,6
infomap,4
infomap,4
infomap,2588
infomap,1041
infomap,607
infomap,605
infomap,554
infomap,510
infomap,388
infomap,305
infomap,193
infomap,151
infomap,120
infomap,105
infomap,60
infomap,43
infomap,31
infomap,25
infomap,13
infomap,7
infomap,5
infomap,5
infomap,4
infomap,4
infomap,4
infomap,514
infomap,44
infomap,32
infomap,101
infomap,45
infomap,9
infomap,348
infomap,213
infomap,114
infomap,6
infomap,6
infomap,4
infomap,190
infomap,130
infomap,128
infomap,21
infomap,7
infomap,44
infomap,9
infomap,187
infomap,81
infomap,42
infomap,30
infomap,29
infomap,16
infomap,8
infomap,8
infomap,6
infomap,583
infomap,91
infomap,42
infomap,19
infomap,14
infomap,210
infomap,59
infomap,27
infomap,25
infomap,14
infomap,10
infomap,1423
infomap,1329
infomap,571
infomap,249
infomap,221
infomap,219
infomap,126
infomap,53
infomap,39
infomap,18
infomap,11
infomap,5
infomap,5
infomap,4
infomap,4
infomap,161
infomap,87
infomap,32
infomap,14
infomap,25
infomap,11
infomap,8
infomap,7
infomap,6
infomap,6
infomap,5
infomap,4
infomap,4
infomap,4
infomap,4
infomap,4
infomap,4
infomap,252
infomap,214
infomap,137
infomap,105
infomap,83
infomap,57
infomap,52
infomap,19
infomap,10
infomap,9
infomap,2297
infomap,617
infomap,222
infomap,156
infomap,48
infomap,34
infomap,31
infomap,16
infomap,11
infomap,9
infomap,8
infomap,4
infomap,21
infomap,14
infomap,6
infomap,68
infomap,31
infomap,17
infomap,11
infomap,274
infomap,95
infomap,62
infomap,52
infomap,10
infomap,9
infomap,7
infomap,5
infomap,53
infomap,21
infomap,12
infomap,442
infomap,40
infomap,17
infomap,151
infomap,96
infomap,344
infomap,124
infomap,113
infomap,43
infomap,13
infomap,7
infomap,4
infomap,609
infomap,134
infomap,114
infomap,6
infomap,92
infomap,43
infomap,33
infomap,28
infomap,25
infomap,23
infomap,23
infomap,21
infomap,18
infomap,15
infomap,12
infomap,11
infomap,8
infomap,8
infomap,7
infomap,5
infomap,4
infomap,4
infomap,4
infomap,20
infomap,15
infomap,5
infomap,305
infomap,150
infomap,48
infomap,19
infomap,59
infomap,48
infomap,4
infomap,99
infomap,5
infomap,181
infomap,104
infomap,8
infomap,43
infomap,12
infomap,12
infomap,12
infomap,12
infomap,11
infomap,11
infomap,120
infomap,16
infomap,10
infomap,9
infomap,5
infomap,28
infomap,19
infomap,16
infomap,12
infomap,9
infomap,7
infomap,5
infomap,4
infomap,81
infomap,21
infomap,9
infomap,6
infomap,5
infomap,5
infomap,5
infomap,5
infomap,4
infomap,4
infomap,4
infomap,18
infomap,14
infomap,47
infomap,29
infomap,29
infomap,25
infomap,25
infomap,23
infomap,11
infomap,10
infomap,9
infomap,9
infomap,9
infomap,8
infomap,6
infomap,5
infomap,5
infomap,4
infomap,122
infomap,114
infomap,44
infomap,34
infomap,33
infomap,29
infomap,26
infomap,12
infomap,7
infomap,6
infomap,227
infomap,18
infomap,38
infomap,29
infomap,14
infomap,14
infomap,11
infomap,4
infomap,20
infomap,17
infomap,39
infomap,34
infomap,307
infomap,18
infomap,4
infomap,4
infomap,34
infomap,9
infomap,34
infomap,28
infomap,4
infomap,38
infomap,8
infomap,77
infomap,27
infomap,400
infomap,6
infomap,4
infomap,4
infomap,4
infomap,4
infomap,4
infomap,4
infomap,4
infomap,4
infomap,4
infomap,4
infomap,58
infomap,58
infomap,23
infomap,19
infomap,17
infomap,14
infomap,11
infomap,11
infomap,8
infomap,7
infomap,6
infomap,6
infomap,5
infomap,5
infomap,5
infomap,4
infomap,439
infomap,265
infomap,187
infomap,156
infomap,77
infomap,77
infomap,42
infomap,36
infomap,33
infomap,31
infomap,28
infomap,18
infomap,13
infomap,12
infomap,9
infomap,9
infomap,7
infomap,7
infomap,7
infomap,5
infomap,5
infomap,5
infomap,5
infomap,5
infomap,5
infomap,5
infomap,4
infomap,4
infomap,4
infomap,4
infomap,4
infomap,4
infomap,4
infomap,4
infomap,4
infomap,4
infomap,57
infomap,21
infomap,11
infomap,6
infomap,5
infomap,5
infomap,4
infomap,4
infomap,4
infomap,42
infomap,40
infomap,37
infomap,31
infomap,17
infomap,14
infomap,13
infomap,8
infomap,6
infomap,5
infomap,4
infomap,4
infomap,4
infomap,4
infomap,4
infomap,4
infomap,85
infomap,7
infomap,7
infomap,52
infomap,24
infomap,14
infomap,7
infomap,4
infomap,361
infomap,128
infomap,32
infomap,5
infomap,109
infomap,55
infomap,11
infomap,8
infomap,5
infomap,17
infomap,16
infomap,6
infomap,5
infomap,212
infomap,45
infomap,66
infomap,23
infomap,7
infomap,4
infomap,112
infomap,66
infomap,620
infomap,134
infomap,122
infomap,86
infomap,30
infomap,27
infomap,20
infomap,13
infomap,13
infomap,9
infomap,7
infomap,5
infomap,5
infomap,528
infomap,175
infomap,153
infomap,102
infomap,35
infomap,34
infomap,11
infomap,81
infomap,33
infomap,32
infomap,327
infomap,31
infomap,9
infomap,192
infomap,39
infomap,150
infomap,88
infomap,29
infomap,7
infomap,4
infomap,110
infomap,88
infomap,32
infomap,31
infomap,91
infomap,9
infomap,354
infomap,79
infomap,10
infomap,5
infomap,4
infomap,27
infomap,4
infomap,826
infomap,103
infomap,99
infomap,32
infomap,28
infomap,5
infomap,17
infomap,15
infomap,5
infomap,42
infomap,33
infomap,27
infomap,23
infomap,200
infomap,52
infomap,34
infomap,28
infomap,21
infomap,14
infomap,11
infomap,72
infomap,56
infomap,52
infomap,32
infomap,29
infomap,22
infomap,22
infomap,21
infomap,18
infomap,16
infomap,16
infomap,16
infomap,16
infomap,11
infomap,8
infomap,7
infomap,6
infomap,6
infomap,5
infomap,5
infomap,5
infomap,4
infomap,4
infomap,4
infomap,4
infomap,4
infomap,47
infomap,36
infomap,16
infomap,111
infomap,96
infomap,67
infomap,58
infomap,29
infomap,14
infomap,65
infomap,52
infomap,48
infomap,27
infomap,23
infomap,21
infomap,16
infomap,15
infomap,14
infomap,13
infomap,12
infomap,11
infomap,11
infomap,9
infomap,9
infomap,8
infomap,6
infomap,5
infomap,5
infomap,4
infomap,4
infomap,4
infomap,4
infomap,4
infomap,4
infomap,4
infomap,4
infomap,4
infomap,279
infomap,58
infomap,63
infomap,16
infomap,6
infomap,61
infomap,35
infomap,70
infomap,19
infomap,8
infomap,8
infomap,7
infomap,38
infomap,37
infomap,102
infomap,23
infomap,4
infomap,201
infomap,106
infomap,198
infomap,184
infomap,173
infomap,58
infomap,45
infomap,40
infomap,59
infomap,42
infomap,41
infomap,9
infomap,10
infomap,10
infomap,6
infomap,6
infomap,5
infomap,5
infomap,165
infomap,89
infomap,58
infomap,54
infomap,44
infomap,42
infomap,32
infomap,29
infomap,17
infomap,15
infomap,7
infomap,5
infomap,4
infomap,4
infomap,12
infomap,8
infomap,6
infomap,4
infomap,11
infomap,8
infomap,6
infomap,5
infomap,367
infomap,366
infomap,308
infomap,286
infomap,173
infomap,68
infomap,42
infomap,29
infomap,18
infomap,15
infomap,12
infomap,7
infomap,6
infomap,6
infomap,4
infomap,195
infomap,33
infomap,22
infomap,15
infomap,12
infomap,859
infomap,255
infomap,26
infomap,4
infomap,176
infomap,59
infomap,20
infomap,12
infomap,12
infomap,11
infomap,5
infomap,4
infomap,55
infomap,19
infomap,426
infomap,211
infomap,114
infomap,43
infomap,24
infomap,10
infomap,158
infomap,110
infomap,91
infomap,33
infomap,26
infomap,17
infomap,9
infomap,8
infomap,6
infomap,5
infomap,5
infomap,48
infomap,17
infomap,288
infomap,78
infomap,36
infomap,293
infomap,13
infomap,315
infomap,196
infomap,185
infomap,11
infomap,9
infomap,9
infomap,8
infomap,4
infomap,41
infomap,24
infomap,119
infomap,21
infomap,123
infomap,78
infomap,30
infomap,11
infomap,86
infomap,30
infomap,4
infomap,288
infomap,149
infomap,143
infomap,123
infomap,113
infomap,93
infomap,75
infomap,74
infomap,28
infomap,27
infomap,20
infomap,11
infomap,9
infomap,6
infomap,83
infomap,52
infomap,14
infomap,199
infomap,171
infomap,87
infomap,78
infomap,43
infomap,42
infomap,14
infomap,4
infomap,165
infomap,51
infomap,37
infomap,9
infomap,6
infomap,4
infomap,92
infomap,12
infomap,9
infomap,25
infomap,10
infomap,7
infomap,342
infomap,8
infomap,282
infomap,148
infomap,126
infomap,91
infomap,36
infomap,32
infomap,32
infomap,30
infomap,28
infomap,26
infomap,25
infomap,24
infomap,6
infomap,5
infomap,5
infomap,5
infomap,452
infomap,12
infomap,5
infomap,74
infomap,24
infomap,17
infomap,17
infomap,10
infomap,8
infomap,169
infomap,121
infomap,67
infomap,58
infomap,26
infomap,8
infomap,5
infomap,4
infomap,144
infomap,35
infomap,27
infomap,5
infomap,482
infomap,67
infomap,49
infomap,39
infomap,15
infomap,360
infomap,75
infomap,10
infomap,6
infomap,161
infomap,29
infomap,5
infomap,111
infomap,19
infomap,4
infomap,30
infomap,14
infomap,6
infomap,38
infomap,30
infomap,7
infomap,396
infomap,89
infomap,65
infomap,4
infomap,56
infomap,17
infomap,9
infomap,237
infomap,205
infomap,50
infomap,35
infomap,10
infomap,4
infomap,4
infomap,841
infomap,150
infomap,40
infomap,180
infomap,67
infomap,396
infomap,153
infomap,37
infomap,10
infomap,34
infomap,5
infomap,1139
infomap,67
infomap,6
infomap,25
infomap,17
infomap,718
infomap,445
infomap,439
infomap,374
infomap,359
infomap,282
infomap,242
infomap,239
infomap,212
infomap,169
infomap,167
infomap,121
infomap,30
infomap,22
infomap,11
infomap,8
infomap,7
infomap,5
infomap,4
infomap,4
infomap,210
infomap,43
infomap,15
infomap,313
infomap,135
infomap,55
infomap,70
infomap,62
infomap,49
infomap,12
infomap,9
infomap,5
infomap,5
infomap,4
infomap,4
infomap,549
infomap,252
infomap,190
infomap,107
infomap,73
infomap,58
infomap,52
infomap,45
infomap,35
infomap,29
infomap,15
infomap,11
infomap,7
infomap,663
infomap,206
infomap,95
infomap,82
infomap,34
infomap,23
infomap,34
infomap,26
infomap,25
infomap,18
infomap,55
infomap,54
infomap,24
infomap,1247
infomap,674
infomap,557
infomap,416
infomap,302
infomap,182
infomap,131
infomap,115
infomap,103
infomap,95
infomap,91
infomap,63
infomap,60
infomap,48
infomap,43
infomap,43
infomap,38
infomap,34
infomap,31
infomap,23
infomap,23
infomap,22
infomap,20
infomap,18
infomap,17
infomap,16
infomap,16
infomap,15
infomap,13
infomap,12
infomap,11
infomap,76
infomap,68
infomap,341
infomap,311
infomap,240
infomap,207
infomap,126
infomap,42
infomap,39
infomap,19
infomap,11
infomap,8
infomap,7
infomap,7
infomap,472
infomap,290
infomap,258
infomap,185
infomap,174
infomap,160
infomap,150
infomap,126
infomap,125
infomap,108
infomap,102
infomap,82
infomap,80
infomap,73
infomap,64
infomap,63
infomap,60
infomap,51
infomap,40
infomap,39
infomap,35
infomap,34
infomap,33
infomap,32
infomap,23
infomap,22
infomap,20
infomap,19
infomap,18
infomap,15
infomap,11
infomap,11
infomap,10
infomap,10
infomap,9
infomap,9
infomap,9
infomap,7
infomap,7
infomap,7
infomap,5
infomap,5
infomap,5
infomap,4
infomap,4
infomap,4
infomap,4
infomap,4
infomap,248
infomap,40
infomap,95
infomap,67
infomap,40
infomap,27
infomap,9
infomap,4
infomap,305
infomap,94
infomap,5
infomap,139
infomap,25
infomap,22
infomap,6
infomap,33
infomap,25
infomap,9
infomap,9
infomap,7
infomap,6
infomap,89
infomap,54
infomap,43
infomap,436
infomap,13
infomap,309
infomap,78
infomap,47
infomap,43
infomap,26
infomap,21
infomap,10
infomap,8
infomap,5
infomap,35
infomap,29
infomap,5
infomap,5
infomap,77
infomap,29
infomap,6
infomap,20
infomap,8
infomap,4
infomap,85
infomap,83
infomap,48
infomap,34
infomap,148
infomap,48
infomap,673
infomap,285
infomap,244
infomap,88
infomap,39
infomap,28
infomap,21
infomap,10
infomap,7
infomap,5
infomap,448
infomap,93
infomap,42
infomap,41
infomap,36
infomap,35
infomap,28
infomap,27
infomap,26
infomap,21
infomap,7
infomap,7
infomap,7
infomap,6
infomap,6
infomap,4
infomap,4
infomap,96
infomap,23
infomap,1539
infomap,111
infomap,8
infomap,8
infomap,7
infomap,6
infomap,5
infomap,45
infomap,26
infomap,6
infomap,5
infomap,91
infomap,42
infomap,19
infomap,14
infomap,29
infomap,23
infomap,12
infomap,8
infomap,6
infomap,4
infomap,4
infomap,4
infomap,255
infomap,213
infomap,100
infomap,53
infomap,34
infomap,22
infomap,5
infomap,49
infomap,31
infomap,15
infomap,11
infomap,8
infomap,5
infomap,5
infomap,5
infomap,5
infomap,4
infomap,46
infomap,45
infomap,24
infomap,21
infomap,164
infomap,147
infomap,123
infomap,117
infomap,100
infomap,66
infomap,49
infomap,32
infomap,5
infomap,5
infomap,33
infomap,7
infomap,4
infomap,173
infomap,164
infomap,156
infomap,75
infomap,44
infomap,40
infomap,19
infomap,11
infomap,11
infomap,9
infomap,4
infomap,191
infomap,188
infomap,163
infomap,47
infomap,32
infomap,12
infomap,7
infomap,50
infomap,31
infomap,358
infomap,84
infomap,53
infomap,282
infomap,174
infomap,114
infomap,112
infomap,73
infomap,26
infomap,12
infomap,11
infomap,9
infomap,124
infomap,22
infomap,20
infomap,300
infomap,58
infomap,53
infomap,47
infomap,19
infomap,11
infomap,11
infomap,6
infomap,4
infomap,478
infomap,122
infomap,21
infomap,19
infomap,4
infomap,20
infomap,19
infomap,19
infomap,498
infomap,424
infomap,298
infomap,174
infomap,8
infomap,7
infomap,91
infomap,22
infomap,17
infomap,16
infomap,218
infomap,205
infomap,133
infomap,37
infomap,23
infomap,22
infomap,21
infomap,5
infomap,298
infomap,40
infomap,37
infomap,5
infomap,5
infomap,597
infomap,343
infomap,63
infomap,66
infomap,20
infomap,12
infomap,33
infomap,13
infomap,8
infomap,4
infomap,296
infomap,150
infomap,144
infomap,98
infomap,84
infomap,57
infomap,28
infomap,26
infomap,20
infomap,19
infomap,7
infomap,7
infomap,6
infomap,5
infomap,5
infomap,5
infomap,507
infomap,344
infomap,178
infomap,4
infomap,1006
infomap,730
infomap,351
infomap,297
infomap,277
infomap,274
infomap,212
infomap,147
infomap,119
infomap,98
infomap,66
infomap,24
infomap,22
infomap,16
infomap,15
infomap,12
infomap,7
infomap,101
infomap,33
infomap,51
infomap,25
infomap,22
infomap,192
infomap,37
infomap,133
infomap,116
infomap,27
infomap,153
infomap,97
infomap,59
infomap,40
infomap,38
infomap,33
infomap,30
infomap,22
infomap,19
infomap,18
infomap,18
infomap,18
infomap,16
infomap,15
infomap,15
infomap,11
infomap,11
infomap,9
infomap,8
infomap,7
infomap,6
infomap,5
infomap,5
infomap,4
infomap,4
infomap,4
infomap,81
infomap,57
infomap,4
infomap,421
infomap,84
infomap,18
infomap,8
infomap,8
infomap,6
infomap,6
infomap,6
infomap,6
infomap,4
infomap,4
infomap,79
infomap,42
infomap,92
infomap,50
infomap,25
infomap,12
infomap,7
infomap,64
infomap,45
infomap,34
infomap,12
infomap,12
infomap,11
infomap,10
infomap,10
infomap,8
infomap,8
infomap,7
infomap,7
infomap,6
infomap,6
infomap,160
infomap,70
infomap,242
infomap,236
infomap,199
infomap,137
infomap,128
infomap,105
infomap,101
infomap,72
infomap,69
infomap,61
infomap,48
infomap,34
infomap,24
infomap,19
infomap,7
infomap,6
infomap,5
infomap,136
infomap,23
infomap,6
infomap,31
infomap,15
infomap,25
infomap,8
infomap,5
infomap,25
infomap,13
infomap,13
infomap,5
infomap,428
infomap,33
infomap,38
infomap,36
infomap,23
infomap,21
infomap,20
infomap,18
infomap,17
infomap,17
infomap,14
infomap,13
infomap,10
infomap,10
infomap,9
infomap,9
infomap,9
infomap,8
infomap,7
infomap,7
infomap,7
infomap,7
infomap,6
infomap,6
infomap,5
infomap,5
infomap,5
infomap,5
infomap,4
infomap,4
infomap,4
infomap,4
infomap,125
infomap,52
infomap,42
infomap,11
infomap,9
infomap,66
infomap,63
infomap,14
infomap,73
infomap,65
infomap,25
infomap,22
infomap,7
infomap,27
infomap,4
infomap,4
infomap,1097
infomap,571
infomap,503
infomap,395
infomap,131
infomap,124
infomap,121
infomap,110
infomap,70
infomap,63
infomap,23
infomap,17
infomap,13
infomap,12
infomap,12
infomap,11
infomap,11
infomap,7
infomap,7
infomap,5
infomap,4
infomap,4
infomap,4
infomap,4
infomap,55
infomap,20
infomap,701
infomap,100
infomap,12
infomap,6
infomap,49
infomap,33
infomap,29
infomap,26
infomap,11
infomap,362
infomap,90
infomap,25
infomap,5
infomap,116
infomap,25
infomap,19
infomap,2275
infomap,45
infomap,20
infomap,7
infomap,1196
infomap,29
infomap,28
infomap,2085
infomap,1503
infomap,221
infomap,106
infomap,60
infomap,52
infomap,36
infomap,19
infomap,13
infomap,9
infomap,9
infomap,8
infomap,8
infomap,8
infomap,7
infomap,7
infomap,6
infomap,6
infomap,5
infomap,5
infomap,4
infomap,4
infomap,310
infomap,73
infomap,7
infomap,64
infomap,13
infomap,6
infomap,4
infomap,4
infomap,4
infomap,4
infomap,4
infomap,51
infomap,7
infomap,205
infomap,124
infomap,42
infomap,35
infomap,28
infomap,20
infomap,157
infomap,19
infomap,4
infomap,98
infomap,96
infomap,141
infomap,57
infomap,31
infomap,25
infomap,287
infomap,122
infomap,29
infomap,19
infomap,16
infomap,7
infomap,13
infomap,12
infomap,9
infomap,8
infomap,92
infomap,57
infomap,34
infomap,19
infomap,16
infomap,4
infomap,68
infomap,63
infomap,52
infomap,33
infomap,16
infomap,14
infomap,12
infomap,4
infomap,358
infomap,67
infomap,29
infomap,19
infomap,16
infomap,15
infomap,14
infomap,14
infomap,14
infomap,13
infomap,12
infomap,12
infomap,11
infomap,11
infomap,11
infomap,11
infomap,10
infomap,10
infomap,10
infomap,10
infomap,10
infomap,10
infomap,10
infomap,10
infomap,10
infomap,10
infomap,9
infomap,9
infomap,9
infomap,9
infomap,9
infomap,9
infomap,9
infomap,9
infomap,9
infomap,9
infomap,8
infomap,8
infomap,8
infomap,8
infomap,8
infomap,8
infomap,8
infomap,8
infomap,8
infomap,7
infomap,7
infomap,7
infomap,7
infomap,7
infomap,7
infomap,7
infomap,7
infomap,7
infomap,7
infomap,7
infomap,6
infomap,6
infomap,6
infomap,6
infomap,6
infomap,6
infomap,6
infomap,6
infomap,6
infomap,6
infomap,6
infomap,6
infomap,6
infomap,6
infomap,6
infomap,6
infomap,5
infomap,5
infomap,5
infomap,5
infomap,5
infomap,5
infomap,5
infomap,5
infomap,5
infomap,5
infomap,5
infomap,5
infomap,5
infomap,5
infomap,5
infomap,5
infomap,5
infomap,5
infomap,5
infomap,4
infomap,4
infomap,4
infomap,4
infomap,4
infomap,4
infomap,4
infomap,4
infomap,4
infomap,4
infomap,4
infomap,4
infomap,4
infomap,4
infomap,4
infomap,4
infomap,4
infomap,4
infomap,4
infomap,4
infomap,4
infomap,78
infomap,62
infomap,530
infomap,44
infomap,241
infomap,124
infomap,93
infomap,58
infomap,30
infomap,17
infomap,6
infomap,4
